{
    "VCAP_SERVICES": {
        "cloudantNoSQLDB": [{
            "name": "hack-ibm",
            "label": "cloudantNoSQLDB",
            "plan": "Shared",
            "credentials": {
                "host": "43aafbf8-ebf3-47a7-a916-bc3098fc3e35-bluemix.cloudant.com",
                "password": "a969612406d52b9d6832fc9478fe59ccbd80dce5f3a6f42be3e220e65a4885a7",
                "port": 443,
                "url": "https://43aafbf8-ebf3-47a7-a916-bc3098fc3e35-bluemix:a969612406d52b9d6832fc9478fe59ccbd80dce5f3a6f42be3e220e65a4885a7@43aafbf8-ebf3-47a7-a916-bc3098fc3e35-bluemix.cloudant.com",
                "username": "43aafbf8-ebf3-47a7-a916-bc3098fc3e35-bluemix"
            }
        }]
    }
}